{"cameraMode":{"drawMode":0,"name":"Shaded","section":"Shading Mode"},"sceneLighting":false,"audioPlay":false,"sceneViewState":{"showFog":false,"showMaterialUpdate":false,"showSkybox":false,"showFlares":false,"showImageEffects":false,"showParticleSystems":false},"in2DMode":false,"pivot":{"x":2.9735145568847658,"y":0.4504765570163727,"z":-0.06459830701351166},"rotation":{"x":0.4762324392795563,"y":0.5234990119934082,"z":-0.5115712881088257,"w":0.48728469014167788},"size":2.1628875732421877,"orthographic":true}