{"cameraMode":{"drawMode":0,"name":"Shaded","section":"Shading Mode"},"sceneLighting":false,"audioPlay":false,"sceneViewState":{"showFog":false,"showMaterialUpdate":false,"showSkybox":false,"showFlares":false,"showImageEffects":false,"showParticleSystems":false},"in2DMode":false,"pivot":{"x":0.16595080494880677,"y":4.021121978759766,"z":0.040145039558410647},"rotation":{"x":-0.2333165556192398,"y":0.0844736397266388,"z":-0.020349960774183275,"w":-0.9685109853744507},"size":-0.715524435043335,"orthographic":false}